appointment_type	location	ut	time_str	is_available
Normal Service	HEAD OFFICE - BATTARAMULLA	1682389800.0	2023-04-25 08:00:00	False
Normal Service	HEAD OFFICE - BATTARAMULLA	1682390760.0	2023-04-25 08:16:00	False
Normal Service	HEAD OFFICE - BATTARAMULLA	1682391660.0	2023-04-25 08:31:00	False
Normal Service	HEAD OFFICE - BATTARAMULLA	1682391660.0	2023-04-25 08:31:00	False
Normal Service	HEAD OFFICE - BATTARAMULLA	1682393460.0	2023-04-25 09:01:00	False
Normal Service	HEAD OFFICE - BATTARAMULLA	1682394360.0	2023-04-25 09:16:00	False
Normal Service	HEAD OFFICE - BATTARAMULLA	1682395260.0	2023-04-25 09:31:00	False
Normal Service	HEAD OFFICE - BATTARAMULLA	1682396160.0	2023-04-25 09:46:00	True
Normal Service	HEAD OFFICE - BATTARAMULLA	1682397060.0	2023-04-25 10:01:00	False
Normal Service	HEAD OFFICE - BATTARAMULLA	1682397960.0	2023-04-25 10:16:00	False
Normal Service	HEAD OFFICE - BATTARAMULLA	1682398860.0	2023-04-25 10:31:00	True
Normal Service	HEAD OFFICE - BATTARAMULLA	1682399760.0	2023-04-25 10:46:00	True
Normal Service	HEAD OFFICE - BATTARAMULLA	1682400660.0	2023-04-25 11:01:00	False
Normal Service	HEAD OFFICE - BATTARAMULLA	1682401560.0	2023-04-25 11:16:00	True
Normal Service	HEAD OFFICE - BATTARAMULLA	1682402460.0	2023-04-25 11:31:00	True
Normal Service	HEAD OFFICE - BATTARAMULLA	1682403360.0	2023-04-25 11:46:00	True
Normal Service	HEAD OFFICE - BATTARAMULLA	1682404260.0	2023-04-25 12:01:00	True
Normal Service	HEAD OFFICE - BATTARAMULLA	1682405160.0	2023-04-25 12:16:00	True
Normal Service	HEAD OFFICE - BATTARAMULLA	1682406060.0	2023-04-25 12:31:00	True
Normal Service	HEAD OFFICE - BATTARAMULLA	1682406960.0	2023-04-25 12:46:00	True
Normal Service	HEAD OFFICE - BATTARAMULLA	1682476200.0	2023-04-26 08:00:00	True
Normal Service	HEAD OFFICE - BATTARAMULLA	1682477160.0	2023-04-26 08:16:00	True
Normal Service	HEAD OFFICE - BATTARAMULLA	1682478060.0	2023-04-26 08:31:00	True
Normal Service	HEAD OFFICE - BATTARAMULLA	1682478960.0	2023-04-26 08:46:00	True
Normal Service	HEAD OFFICE - BATTARAMULLA	1682479860.0	2023-04-26 09:01:00	True
Normal Service	HEAD OFFICE - BATTARAMULLA	1682480760.0	2023-04-26 09:16:00	True
Normal Service	HEAD OFFICE - BATTARAMULLA	1682481660.0	2023-04-26 09:31:00	True
Normal Service	HEAD OFFICE - BATTARAMULLA	1682482560.0	2023-04-26 09:46:00	True
Normal Service	HEAD OFFICE - BATTARAMULLA	1682483460.0	2023-04-26 10:01:00	True
Normal Service	HEAD OFFICE - BATTARAMULLA	1682484360.0	2023-04-26 10:16:00	True
Normal Service	HEAD OFFICE - BATTARAMULLA	1682485260.0	2023-04-26 10:31:00	True
Normal Service	HEAD OFFICE - BATTARAMULLA	1682486160.0	2023-04-26 10:46:00	True
Normal Service	HEAD OFFICE - BATTARAMULLA	1682487060.0	2023-04-26 11:01:00	True
Normal Service	HEAD OFFICE - BATTARAMULLA	1682487960.0	2023-04-26 11:16:00	True
Normal Service	HEAD OFFICE - BATTARAMULLA	1682488860.0	2023-04-26 11:31:00	True
Normal Service	HEAD OFFICE - BATTARAMULLA	1682489760.0	2023-04-26 11:46:00	True
Normal Service	HEAD OFFICE - BATTARAMULLA	1682490660.0	2023-04-26 12:01:00	True
Normal Service	HEAD OFFICE - BATTARAMULLA	1682491560.0	2023-04-26 12:16:00	True
Normal Service	HEAD OFFICE - BATTARAMULLA	1682492460.0	2023-04-26 12:31:00	True
Normal Service	HEAD OFFICE - BATTARAMULLA	1682493360.0	2023-04-26 12:46:00	True
One Day Service	HEAD OFFICE - BATTARAMULLA	1675996200.0	2023-02-10 08:00:00	False
One Day Service	HEAD OFFICE - BATTARAMULLA	1675997160.0	2023-02-10 08:16:00	False
One Day Service	HEAD OFFICE - BATTARAMULLA	1675998060.0	2023-02-10 08:31:00	False
One Day Service	HEAD OFFICE - BATTARAMULLA	1675998960.0	2023-02-10 08:46:00	False
One Day Service	HEAD OFFICE - BATTARAMULLA	1675999860.0	2023-02-10 09:01:00	False
One Day Service	HEAD OFFICE - BATTARAMULLA	1676000760.0	2023-02-10 09:16:00	False
One Day Service	HEAD OFFICE - BATTARAMULLA	1676001660.0	2023-02-10 09:31:00	False
One Day Service	HEAD OFFICE - BATTARAMULLA	1676002560.0	2023-02-10 09:46:00	False
One Day Service	HEAD OFFICE - BATTARAMULLA	1676003460.0	2023-02-10 10:01:00	False
One Day Service	HEAD OFFICE - BATTARAMULLA	1676004360.0	2023-02-10 10:16:00	False
One Day Service	HEAD OFFICE - BATTARAMULLA	1676005260.0	2023-02-10 10:31:00	False
One Day Service	HEAD OFFICE - BATTARAMULLA	1676006160.0	2023-02-10 10:46:00	False
One Day Service	HEAD OFFICE - BATTARAMULLA	1676007060.0	2023-02-10 11:01:00	False
One Day Service	HEAD OFFICE - BATTARAMULLA	1676007960.0	2023-02-10 11:16:00	False
One Day Service	HEAD OFFICE - BATTARAMULLA	1676008860.0	2023-02-10 11:31:00	False
One Day Service	HEAD OFFICE - BATTARAMULLA	1676009760.0	2023-02-10 11:46:00	False
One Day Service	HEAD OFFICE - BATTARAMULLA	1676010660.0	2023-02-10 12:01:00	False
One Day Service	HEAD OFFICE - BATTARAMULLA	1676011560.0	2023-02-10 12:16:00	False
One Day Service	HEAD OFFICE - BATTARAMULLA	1676012460.0	2023-02-10 12:31:00	False
One Day Service	HEAD OFFICE - BATTARAMULLA	1676013360.0	2023-02-10 12:46:00	False
One Day Service	HEAD OFFICE - BATTARAMULLA	1676017860.0	2023-02-10 14:01:00	False
One Day Service	HEAD OFFICE - BATTARAMULLA	1676018760.0	2023-02-10 14:16:00	False
One Day Service	HEAD OFFICE - BATTARAMULLA	1676019660.0	2023-02-10 14:31:00	False
One Day Service	HEAD OFFICE - BATTARAMULLA	1676020560.0	2023-02-10 14:46:00	False
One Day Service	HEAD OFFICE - BATTARAMULLA	1676255400.0	2023-02-13 08:00:00	False
One Day Service	HEAD OFFICE - BATTARAMULLA	1676256360.0	2023-02-13 08:16:00	False
One Day Service	HEAD OFFICE - BATTARAMULLA	1676257260.0	2023-02-13 08:31:00	False
One Day Service	HEAD OFFICE - BATTARAMULLA	1676258160.0	2023-02-13 08:46:00	False
One Day Service	HEAD OFFICE - BATTARAMULLA	1676259060.0	2023-02-13 09:01:00	False
One Day Service	HEAD OFFICE - BATTARAMULLA	1676259960.0	2023-02-13 09:16:00	False
One Day Service	HEAD OFFICE - BATTARAMULLA	1676260860.0	2023-02-13 09:31:00	False
One Day Service	HEAD OFFICE - BATTARAMULLA	1676261760.0	2023-02-13 09:46:00	False
One Day Service	HEAD OFFICE - BATTARAMULLA	1676262660.0	2023-02-13 10:01:00	False
One Day Service	HEAD OFFICE - BATTARAMULLA	1676263560.0	2023-02-13 10:16:00	False
One Day Service	HEAD OFFICE - BATTARAMULLA	1676264460.0	2023-02-13 10:31:00	False
One Day Service	HEAD OFFICE - BATTARAMULLA	1676265360.0	2023-02-13 10:46:00	False
One Day Service	HEAD OFFICE - BATTARAMULLA	1676266260.0	2023-02-13 11:01:00	False
One Day Service	HEAD OFFICE - BATTARAMULLA	1676267160.0	2023-02-13 11:16:00	False
One Day Service	HEAD OFFICE - BATTARAMULLA	1676268060.0	2023-02-13 11:31:00	False
One Day Service	HEAD OFFICE - BATTARAMULLA	1676268960.0	2023-02-13 11:46:00	False
One Day Service	HEAD OFFICE - BATTARAMULLA	1676269860.0	2023-02-13 12:01:00	False
One Day Service	HEAD OFFICE - BATTARAMULLA	1676270760.0	2023-02-13 12:16:00	False
One Day Service	HEAD OFFICE - BATTARAMULLA	1676271660.0	2023-02-13 12:31:00	False
One Day Service	HEAD OFFICE - BATTARAMULLA	1676272560.0	2023-02-13 12:46:00	False
One Day Service	HEAD OFFICE - BATTARAMULLA	1676277060.0	2023-02-13 14:01:00	False
One Day Service	HEAD OFFICE - BATTARAMULLA	1676277960.0	2023-02-13 14:16:00	False
One Day Service	HEAD OFFICE - BATTARAMULLA	1676278860.0	2023-02-13 14:31:00	False
One Day Service	HEAD OFFICE - BATTARAMULLA	1676279760.0	2023-02-13 14:46:00	False
One Day Service	HEAD OFFICE - BATTARAMULLA	1676341800.0	2023-02-14 08:00:00	False
One Day Service	HEAD OFFICE - BATTARAMULLA	1676342760.0	2023-02-14 08:16:00	False
One Day Service	HEAD OFFICE - BATTARAMULLA	1676343660.0	2023-02-14 08:31:00	False
One Day Service	HEAD OFFICE - BATTARAMULLA	1676344560.0	2023-02-14 08:46:00	False
One Day Service	HEAD OFFICE - BATTARAMULLA	1676345460.0	2023-02-14 09:01:00	False
One Day Service	HEAD OFFICE - BATTARAMULLA	1676346360.0	2023-02-14 09:16:00	False
One Day Service	HEAD OFFICE - BATTARAMULLA	1676347260.0	2023-02-14 09:31:00	False
One Day Service	HEAD OFFICE - BATTARAMULLA	1676348160.0	2023-02-14 09:46:00	False
One Day Service	HEAD OFFICE - BATTARAMULLA	1676349060.0	2023-02-14 10:01:00	False
One Day Service	HEAD OFFICE - BATTARAMULLA	1676349960.0	2023-02-14 10:16:00	False
One Day Service	HEAD OFFICE - BATTARAMULLA	1676350860.0	2023-02-14 10:31:00	False
One Day Service	HEAD OFFICE - BATTARAMULLA	1676351760.0	2023-02-14 10:46:00	False
One Day Service	HEAD OFFICE - BATTARAMULLA	1676352660.0	2023-02-14 11:01:00	False
One Day Service	HEAD OFFICE - BATTARAMULLA	1676353560.0	2023-02-14 11:16:00	False
One Day Service	HEAD OFFICE - BATTARAMULLA	1676354460.0	2023-02-14 11:31:00	False
One Day Service	HEAD OFFICE - BATTARAMULLA	1676355360.0	2023-02-14 11:46:00	False
One Day Service	HEAD OFFICE - BATTARAMULLA	1676356260.0	2023-02-14 12:01:00	False
One Day Service	HEAD OFFICE - BATTARAMULLA	1676357160.0	2023-02-14 12:16:00	False
One Day Service	HEAD OFFICE - BATTARAMULLA	1676358060.0	2023-02-14 12:31:00	False
One Day Service	HEAD OFFICE - BATTARAMULLA	1676358960.0	2023-02-14 12:46:00	False
One Day Service	HEAD OFFICE - BATTARAMULLA	1676363460.0	2023-02-14 14:01:00	False
One Day Service	HEAD OFFICE - BATTARAMULLA	1676364360.0	2023-02-14 14:16:00	False
One Day Service	HEAD OFFICE - BATTARAMULLA	1676365260.0	2023-02-14 14:31:00	False
One Day Service	HEAD OFFICE - BATTARAMULLA	1676366160.0	2023-02-14 14:46:00	False
One Day Service	HEAD OFFICE - BATTARAMULLA	1676428200.0	2023-02-15 08:00:00	False
One Day Service	HEAD OFFICE - BATTARAMULLA	1676429160.0	2023-02-15 08:16:00	False
One Day Service	HEAD OFFICE - BATTARAMULLA	1676430060.0	2023-02-15 08:31:00	False
One Day Service	HEAD OFFICE - BATTARAMULLA	1676430960.0	2023-02-15 08:46:00	False
One Day Service	HEAD OFFICE - BATTARAMULLA	1676431860.0	2023-02-15 09:01:00	False
One Day Service	HEAD OFFICE - BATTARAMULLA	1676432760.0	2023-02-15 09:16:00	False
One Day Service	HEAD OFFICE - BATTARAMULLA	1676433660.0	2023-02-15 09:31:00	False
One Day Service	HEAD OFFICE - BATTARAMULLA	1676434560.0	2023-02-15 09:46:00	False
One Day Service	HEAD OFFICE - BATTARAMULLA	1676435460.0	2023-02-15 10:01:00	False
One Day Service	HEAD OFFICE - BATTARAMULLA	1676436360.0	2023-02-15 10:16:00	False
One Day Service	HEAD OFFICE - BATTARAMULLA	1676437260.0	2023-02-15 10:31:00	False
One Day Service	HEAD OFFICE - BATTARAMULLA	1676438160.0	2023-02-15 10:46:00	False
One Day Service	HEAD OFFICE - BATTARAMULLA	1676439060.0	2023-02-15 11:01:00	False
One Day Service	HEAD OFFICE - BATTARAMULLA	1676439960.0	2023-02-15 11:16:00	False
One Day Service	HEAD OFFICE - BATTARAMULLA	1676440860.0	2023-02-15 11:31:00	False
One Day Service	HEAD OFFICE - BATTARAMULLA	1676441760.0	2023-02-15 11:46:00	False
One Day Service	HEAD OFFICE - BATTARAMULLA	1676442660.0	2023-02-15 12:01:00	False
One Day Service	HEAD OFFICE - BATTARAMULLA	1676443560.0	2023-02-15 12:16:00	False
One Day Service	HEAD OFFICE - BATTARAMULLA	1676444460.0	2023-02-15 12:31:00	False
One Day Service	HEAD OFFICE - BATTARAMULLA	1676445360.0	2023-02-15 12:46:00	False
One Day Service	HEAD OFFICE - BATTARAMULLA	1676449860.0	2023-02-15 14:01:00	False
One Day Service	HEAD OFFICE - BATTARAMULLA	1676450760.0	2023-02-15 14:16:00	False
One Day Service	HEAD OFFICE - BATTARAMULLA	1676451660.0	2023-02-15 14:31:00	False
One Day Service	HEAD OFFICE - BATTARAMULLA	1676452560.0	2023-02-15 14:46:00	False
One Day Service	HEAD OFFICE - BATTARAMULLA	1676514600.0	2023-02-16 08:00:00	False
One Day Service	HEAD OFFICE - BATTARAMULLA	1676515560.0	2023-02-16 08:16:00	False
One Day Service	HEAD OFFICE - BATTARAMULLA	1676516460.0	2023-02-16 08:31:00	False
One Day Service	HEAD OFFICE - BATTARAMULLA	1676517360.0	2023-02-16 08:46:00	False
One Day Service	HEAD OFFICE - BATTARAMULLA	1676518260.0	2023-02-16 09:01:00	False
One Day Service	HEAD OFFICE - BATTARAMULLA	1676519160.0	2023-02-16 09:16:00	False
One Day Service	HEAD OFFICE - BATTARAMULLA	1676520060.0	2023-02-16 09:31:00	False
One Day Service	HEAD OFFICE - BATTARAMULLA	1676520960.0	2023-02-16 09:46:00	False
One Day Service	HEAD OFFICE - BATTARAMULLA	1676521860.0	2023-02-16 10:01:00	False
One Day Service	HEAD OFFICE - BATTARAMULLA	1676522760.0	2023-02-16 10:16:00	False
One Day Service	HEAD OFFICE - BATTARAMULLA	1676523660.0	2023-02-16 10:31:00	False
One Day Service	HEAD OFFICE - BATTARAMULLA	1676524560.0	2023-02-16 10:46:00	False
One Day Service	HEAD OFFICE - BATTARAMULLA	1676525460.0	2023-02-16 11:01:00	False
One Day Service	HEAD OFFICE - BATTARAMULLA	1676526360.0	2023-02-16 11:16:00	False
One Day Service	HEAD OFFICE - BATTARAMULLA	1676527260.0	2023-02-16 11:31:00	False
One Day Service	HEAD OFFICE - BATTARAMULLA	1676528160.0	2023-02-16 11:46:00	False
One Day Service	HEAD OFFICE - BATTARAMULLA	1676529060.0	2023-02-16 12:01:00	False
One Day Service	HEAD OFFICE - BATTARAMULLA	1676529960.0	2023-02-16 12:16:00	False
One Day Service	HEAD OFFICE - BATTARAMULLA	1676530860.0	2023-02-16 12:31:00	False
One Day Service	HEAD OFFICE - BATTARAMULLA	1676531760.0	2023-02-16 12:46:00	False
One Day Service	HEAD OFFICE - BATTARAMULLA	1676536260.0	2023-02-16 14:01:00	False
One Day Service	HEAD OFFICE - BATTARAMULLA	1676537160.0	2023-02-16 14:16:00	False
One Day Service	HEAD OFFICE - BATTARAMULLA	1676538060.0	2023-02-16 14:31:00	False
One Day Service	HEAD OFFICE - BATTARAMULLA	1676538960.0	2023-02-16 14:46:00	False
One Day Service	HEAD OFFICE - BATTARAMULLA	1676601000.0	2023-02-17 08:00:00	False
One Day Service	HEAD OFFICE - BATTARAMULLA	1676601960.0	2023-02-17 08:16:00	False
One Day Service	HEAD OFFICE - BATTARAMULLA	1676602860.0	2023-02-17 08:31:00	False
One Day Service	HEAD OFFICE - BATTARAMULLA	1676603760.0	2023-02-17 08:46:00	False
One Day Service	HEAD OFFICE - BATTARAMULLA	1676604660.0	2023-02-17 09:01:00	False
One Day Service	HEAD OFFICE - BATTARAMULLA	1676605560.0	2023-02-17 09:16:00	False
One Day Service	HEAD OFFICE - BATTARAMULLA	1676606460.0	2023-02-17 09:31:00	False
One Day Service	HEAD OFFICE - BATTARAMULLA	1676607360.0	2023-02-17 09:46:00	False
One Day Service	HEAD OFFICE - BATTARAMULLA	1676608260.0	2023-02-17 10:01:00	False
One Day Service	HEAD OFFICE - BATTARAMULLA	1676609160.0	2023-02-17 10:16:00	False
One Day Service	HEAD OFFICE - BATTARAMULLA	1676610060.0	2023-02-17 10:31:00	False
One Day Service	HEAD OFFICE - BATTARAMULLA	1676610960.0	2023-02-17 10:46:00	False
One Day Service	HEAD OFFICE - BATTARAMULLA	1676611860.0	2023-02-17 11:01:00	False
One Day Service	HEAD OFFICE - BATTARAMULLA	1676612760.0	2023-02-17 11:16:00	False
One Day Service	HEAD OFFICE - BATTARAMULLA	1676613660.0	2023-02-17 11:31:00	False
One Day Service	HEAD OFFICE - BATTARAMULLA	1676614560.0	2023-02-17 11:46:00	False
One Day Service	HEAD OFFICE - BATTARAMULLA	1676615460.0	2023-02-17 12:01:00	False
One Day Service	HEAD OFFICE - BATTARAMULLA	1676616360.0	2023-02-17 12:16:00	False
One Day Service	HEAD OFFICE - BATTARAMULLA	1676617260.0	2023-02-17 12:31:00	False
One Day Service	HEAD OFFICE - BATTARAMULLA	1676618160.0	2023-02-17 12:46:00	False
One Day Service	HEAD OFFICE - BATTARAMULLA	1676622660.0	2023-02-17 14:01:00	False
One Day Service	HEAD OFFICE - BATTARAMULLA	1676623560.0	2023-02-17 14:16:00	False
One Day Service	HEAD OFFICE - BATTARAMULLA	1676624460.0	2023-02-17 14:31:00	False
One Day Service	HEAD OFFICE - BATTARAMULLA	1676625360.0	2023-02-17 14:46:00	False
One Day Service	HEAD OFFICE - BATTARAMULLA	1676860200.0	2023-02-20 08:00:00	False
One Day Service	HEAD OFFICE - BATTARAMULLA	1676861160.0	2023-02-20 08:16:00	False
One Day Service	HEAD OFFICE - BATTARAMULLA	1676862060.0	2023-02-20 08:31:00	False
One Day Service	HEAD OFFICE - BATTARAMULLA	1676862960.0	2023-02-20 08:46:00	False
One Day Service	HEAD OFFICE - BATTARAMULLA	1676863860.0	2023-02-20 09:01:00	False
One Day Service	HEAD OFFICE - BATTARAMULLA	1676864760.0	2023-02-20 09:16:00	False
One Day Service	HEAD OFFICE - BATTARAMULLA	1676865660.0	2023-02-20 09:31:00	False
One Day Service	HEAD OFFICE - BATTARAMULLA	1676866560.0	2023-02-20 09:46:00	False
One Day Service	HEAD OFFICE - BATTARAMULLA	1676867460.0	2023-02-20 10:01:00	False
One Day Service	HEAD OFFICE - BATTARAMULLA	1676868360.0	2023-02-20 10:16:00	False
One Day Service	HEAD OFFICE - BATTARAMULLA	1676869260.0	2023-02-20 10:31:00	False
One Day Service	HEAD OFFICE - BATTARAMULLA	1676870160.0	2023-02-20 10:46:00	False
One Day Service	HEAD OFFICE - BATTARAMULLA	1676871060.0	2023-02-20 11:01:00	False
One Day Service	HEAD OFFICE - BATTARAMULLA	1676871960.0	2023-02-20 11:16:00	False
One Day Service	HEAD OFFICE - BATTARAMULLA	1676872860.0	2023-02-20 11:31:00	False
One Day Service	HEAD OFFICE - BATTARAMULLA	1676873760.0	2023-02-20 11:46:00	False
One Day Service	HEAD OFFICE - BATTARAMULLA	1676874660.0	2023-02-20 12:01:00	False
One Day Service	HEAD OFFICE - BATTARAMULLA	1676875560.0	2023-02-20 12:16:00	False
One Day Service	HEAD OFFICE - BATTARAMULLA	1676876460.0	2023-02-20 12:31:00	False
One Day Service	HEAD OFFICE - BATTARAMULLA	1676877360.0	2023-02-20 12:46:00	False
One Day Service	HEAD OFFICE - BATTARAMULLA	1676881860.0	2023-02-20 14:01:00	False
One Day Service	HEAD OFFICE - BATTARAMULLA	1676882760.0	2023-02-20 14:16:00	False
One Day Service	HEAD OFFICE - BATTARAMULLA	1676883660.0	2023-02-20 14:31:00	False
One Day Service	HEAD OFFICE - BATTARAMULLA	1676884560.0	2023-02-20 14:46:00	False
One Day Service	HEAD OFFICE - BATTARAMULLA	1676946600.0	2023-02-21 08:00:00	False
One Day Service	HEAD OFFICE - BATTARAMULLA	1676947560.0	2023-02-21 08:16:00	False
One Day Service	HEAD OFFICE - BATTARAMULLA	1676948460.0	2023-02-21 08:31:00	False
One Day Service	HEAD OFFICE - BATTARAMULLA	1676949360.0	2023-02-21 08:46:00	False
One Day Service	HEAD OFFICE - BATTARAMULLA	1676950260.0	2023-02-21 09:01:00	False
One Day Service	HEAD OFFICE - BATTARAMULLA	1676951160.0	2023-02-21 09:16:00	False
One Day Service	HEAD OFFICE - BATTARAMULLA	1676952060.0	2023-02-21 09:31:00	False
One Day Service	HEAD OFFICE - BATTARAMULLA	1676952960.0	2023-02-21 09:46:00	False
One Day Service	HEAD OFFICE - BATTARAMULLA	1676953860.0	2023-02-21 10:01:00	False
One Day Service	HEAD OFFICE - BATTARAMULLA	1676954760.0	2023-02-21 10:16:00	False
One Day Service	HEAD OFFICE - BATTARAMULLA	1676955660.0	2023-02-21 10:31:00	False
One Day Service	HEAD OFFICE - BATTARAMULLA	1676956560.0	2023-02-21 10:46:00	False
One Day Service	HEAD OFFICE - BATTARAMULLA	1676957460.0	2023-02-21 11:01:00	False
One Day Service	HEAD OFFICE - BATTARAMULLA	1676958360.0	2023-02-21 11:16:00	False
One Day Service	HEAD OFFICE - BATTARAMULLA	1676959260.0	2023-02-21 11:31:00	False
One Day Service	HEAD OFFICE - BATTARAMULLA	1676960160.0	2023-02-21 11:46:00	False
One Day Service	HEAD OFFICE - BATTARAMULLA	1676961060.0	2023-02-21 12:01:00	False
One Day Service	HEAD OFFICE - BATTARAMULLA	1676961960.0	2023-02-21 12:16:00	False
One Day Service	HEAD OFFICE - BATTARAMULLA	1676962860.0	2023-02-21 12:31:00	False
One Day Service	HEAD OFFICE - BATTARAMULLA	1676963760.0	2023-02-21 12:46:00	False
One Day Service	HEAD OFFICE - BATTARAMULLA	1676968260.0	2023-02-21 14:01:00	False
One Day Service	HEAD OFFICE - BATTARAMULLA	1676969160.0	2023-02-21 14:16:00	False
One Day Service	HEAD OFFICE - BATTARAMULLA	1676970060.0	2023-02-21 14:31:00	False
One Day Service	HEAD OFFICE - BATTARAMULLA	1676970960.0	2023-02-21 14:46:00	False
One Day Service	HEAD OFFICE - BATTARAMULLA	1677033000.0	2023-02-22 08:00:00	False
One Day Service	HEAD OFFICE - BATTARAMULLA	1677033960.0	2023-02-22 08:16:00	False
One Day Service	HEAD OFFICE - BATTARAMULLA	1677034860.0	2023-02-22 08:31:00	False
One Day Service	HEAD OFFICE - BATTARAMULLA	1677035760.0	2023-02-22 08:46:00	False
One Day Service	HEAD OFFICE - BATTARAMULLA	1677036660.0	2023-02-22 09:01:00	False
One Day Service	HEAD OFFICE - BATTARAMULLA	1677037560.0	2023-02-22 09:16:00	False
One Day Service	HEAD OFFICE - BATTARAMULLA	1677038460.0	2023-02-22 09:31:00	False
One Day Service	HEAD OFFICE - BATTARAMULLA	1677039360.0	2023-02-22 09:46:00	False
One Day Service	HEAD OFFICE - BATTARAMULLA	1677040260.0	2023-02-22 10:01:00	False
One Day Service	HEAD OFFICE - BATTARAMULLA	1677041160.0	2023-02-22 10:16:00	False
One Day Service	HEAD OFFICE - BATTARAMULLA	1677042060.0	2023-02-22 10:31:00	False
One Day Service	HEAD OFFICE - BATTARAMULLA	1677042960.0	2023-02-22 10:46:00	False
One Day Service	HEAD OFFICE - BATTARAMULLA	1677043860.0	2023-02-22 11:01:00	False
One Day Service	HEAD OFFICE - BATTARAMULLA	1677044760.0	2023-02-22 11:16:00	False
One Day Service	HEAD OFFICE - BATTARAMULLA	1677045660.0	2023-02-22 11:31:00	False
One Day Service	HEAD OFFICE - BATTARAMULLA	1677046560.0	2023-02-22 11:46:00	False
One Day Service	HEAD OFFICE - BATTARAMULLA	1677047460.0	2023-02-22 12:01:00	False
One Day Service	HEAD OFFICE - BATTARAMULLA	1677048360.0	2023-02-22 12:16:00	False
One Day Service	HEAD OFFICE - BATTARAMULLA	1677049260.0	2023-02-22 12:31:00	False
One Day Service	HEAD OFFICE - BATTARAMULLA	1677050160.0	2023-02-22 12:46:00	False
One Day Service	HEAD OFFICE - BATTARAMULLA	1677054660.0	2023-02-22 14:01:00	False
One Day Service	HEAD OFFICE - BATTARAMULLA	1677055560.0	2023-02-22 14:16:00	False
One Day Service	HEAD OFFICE - BATTARAMULLA	1677056460.0	2023-02-22 14:31:00	False
One Day Service	HEAD OFFICE - BATTARAMULLA	1677057360.0	2023-02-22 14:46:00	False
One Day Service	HEAD OFFICE - BATTARAMULLA	1677119400.0	2023-02-23 08:00:00	False
One Day Service	HEAD OFFICE - BATTARAMULLA	1677120360.0	2023-02-23 08:16:00	False
One Day Service	HEAD OFFICE - BATTARAMULLA	1677121260.0	2023-02-23 08:31:00	False
One Day Service	HEAD OFFICE - BATTARAMULLA	1677122160.0	2023-02-23 08:46:00	False
One Day Service	HEAD OFFICE - BATTARAMULLA	1677123060.0	2023-02-23 09:01:00	False
One Day Service	HEAD OFFICE - BATTARAMULLA	1677123960.0	2023-02-23 09:16:00	False
One Day Service	HEAD OFFICE - BATTARAMULLA	1677124860.0	2023-02-23 09:31:00	False
One Day Service	HEAD OFFICE - BATTARAMULLA	1677125760.0	2023-02-23 09:46:00	False
One Day Service	HEAD OFFICE - BATTARAMULLA	1677126660.0	2023-02-23 10:01:00	False
One Day Service	HEAD OFFICE - BATTARAMULLA	1677127560.0	2023-02-23 10:16:00	False
One Day Service	HEAD OFFICE - BATTARAMULLA	1677128460.0	2023-02-23 10:31:00	False
One Day Service	HEAD OFFICE - BATTARAMULLA	1677129360.0	2023-02-23 10:46:00	False
One Day Service	HEAD OFFICE - BATTARAMULLA	1677130260.0	2023-02-23 11:01:00	False
One Day Service	HEAD OFFICE - BATTARAMULLA	1677131160.0	2023-02-23 11:16:00	False
One Day Service	HEAD OFFICE - BATTARAMULLA	1677132060.0	2023-02-23 11:31:00	False
One Day Service	HEAD OFFICE - BATTARAMULLA	1677132960.0	2023-02-23 11:46:00	False
One Day Service	HEAD OFFICE - BATTARAMULLA	1677133860.0	2023-02-23 12:01:00	False
One Day Service	HEAD OFFICE - BATTARAMULLA	1677134760.0	2023-02-23 12:16:00	False
One Day Service	HEAD OFFICE - BATTARAMULLA	1677135660.0	2023-02-23 12:31:00	False
One Day Service	HEAD OFFICE - BATTARAMULLA	1677136560.0	2023-02-23 12:46:00	False
One Day Service	HEAD OFFICE - BATTARAMULLA	1677141060.0	2023-02-23 14:01:00	False
One Day Service	HEAD OFFICE - BATTARAMULLA	1677141960.0	2023-02-23 14:16:00	False
One Day Service	HEAD OFFICE - BATTARAMULLA	1677142860.0	2023-02-23 14:31:00	False
One Day Service	HEAD OFFICE - BATTARAMULLA	1677143760.0	2023-02-23 14:46:00	False
One Day Service	HEAD OFFICE - BATTARAMULLA	1677205800.0	2023-02-24 08:00:00	False
One Day Service	HEAD OFFICE - BATTARAMULLA	1677206760.0	2023-02-24 08:16:00	False
One Day Service	HEAD OFFICE - BATTARAMULLA	1677207660.0	2023-02-24 08:31:00	False
One Day Service	HEAD OFFICE - BATTARAMULLA	1677208560.0	2023-02-24 08:46:00	False
One Day Service	HEAD OFFICE - BATTARAMULLA	1677209460.0	2023-02-24 09:01:00	False
One Day Service	HEAD OFFICE - BATTARAMULLA	1677210360.0	2023-02-24 09:16:00	False
One Day Service	HEAD OFFICE - BATTARAMULLA	1677211260.0	2023-02-24 09:31:00	False
One Day Service	HEAD OFFICE - BATTARAMULLA	1677212160.0	2023-02-24 09:46:00	False
One Day Service	HEAD OFFICE - BATTARAMULLA	1677213060.0	2023-02-24 10:01:00	False
One Day Service	HEAD OFFICE - BATTARAMULLA	1677213960.0	2023-02-24 10:16:00	False
One Day Service	HEAD OFFICE - BATTARAMULLA	1677214860.0	2023-02-24 10:31:00	False
One Day Service	HEAD OFFICE - BATTARAMULLA	1677215760.0	2023-02-24 10:46:00	False
One Day Service	HEAD OFFICE - BATTARAMULLA	1677216660.0	2023-02-24 11:01:00	False
One Day Service	HEAD OFFICE - BATTARAMULLA	1677217560.0	2023-02-24 11:16:00	False
One Day Service	HEAD OFFICE - BATTARAMULLA	1677218460.0	2023-02-24 11:31:00	False
One Day Service	HEAD OFFICE - BATTARAMULLA	1677219360.0	2023-02-24 11:46:00	False
One Day Service	HEAD OFFICE - BATTARAMULLA	1677220260.0	2023-02-24 12:01:00	False
One Day Service	HEAD OFFICE - BATTARAMULLA	1677221160.0	2023-02-24 12:16:00	False
One Day Service	HEAD OFFICE - BATTARAMULLA	1677222060.0	2023-02-24 12:31:00	False
One Day Service	HEAD OFFICE - BATTARAMULLA	1677222960.0	2023-02-24 12:46:00	False
One Day Service	HEAD OFFICE - BATTARAMULLA	1677227460.0	2023-02-24 14:01:00	False
One Day Service	HEAD OFFICE - BATTARAMULLA	1677228360.0	2023-02-24 14:16:00	False
One Day Service	HEAD OFFICE - BATTARAMULLA	1677229260.0	2023-02-24 14:31:00	False
One Day Service	HEAD OFFICE - BATTARAMULLA	1677230160.0	2023-02-24 14:46:00	False
One Day Service	HEAD OFFICE - BATTARAMULLA	1677465000.0	2023-02-27 08:00:00	False
One Day Service	HEAD OFFICE - BATTARAMULLA	1677465960.0	2023-02-27 08:16:00	False
One Day Service	HEAD OFFICE - BATTARAMULLA	1677466860.0	2023-02-27 08:31:00	False
One Day Service	HEAD OFFICE - BATTARAMULLA	1677467760.0	2023-02-27 08:46:00	False
One Day Service	HEAD OFFICE - BATTARAMULLA	1677468660.0	2023-02-27 09:01:00	False
One Day Service	HEAD OFFICE - BATTARAMULLA	1677469560.0	2023-02-27 09:16:00	False
One Day Service	HEAD OFFICE - BATTARAMULLA	1677470460.0	2023-02-27 09:31:00	False
One Day Service	HEAD OFFICE - BATTARAMULLA	1677471360.0	2023-02-27 09:46:00	False
One Day Service	HEAD OFFICE - BATTARAMULLA	1677472260.0	2023-02-27 10:01:00	False
One Day Service	HEAD OFFICE - BATTARAMULLA	1677473160.0	2023-02-27 10:16:00	False
One Day Service	HEAD OFFICE - BATTARAMULLA	1677474060.0	2023-02-27 10:31:00	False
One Day Service	HEAD OFFICE - BATTARAMULLA	1677474960.0	2023-02-27 10:46:00	False
One Day Service	HEAD OFFICE - BATTARAMULLA	1677475860.0	2023-02-27 11:01:00	False
One Day Service	HEAD OFFICE - BATTARAMULLA	1677476760.0	2023-02-27 11:16:00	False
One Day Service	HEAD OFFICE - BATTARAMULLA	1677477660.0	2023-02-27 11:31:00	False
One Day Service	HEAD OFFICE - BATTARAMULLA	1677478560.0	2023-02-27 11:46:00	False
One Day Service	HEAD OFFICE - BATTARAMULLA	1677479460.0	2023-02-27 12:01:00	False
One Day Service	HEAD OFFICE - BATTARAMULLA	1677480360.0	2023-02-27 12:16:00	False
One Day Service	HEAD OFFICE - BATTARAMULLA	1677481260.0	2023-02-27 12:31:00	False
One Day Service	HEAD OFFICE - BATTARAMULLA	1677482160.0	2023-02-27 12:46:00	False
One Day Service	HEAD OFFICE - BATTARAMULLA	1677486660.0	2023-02-27 14:01:00	False
One Day Service	HEAD OFFICE - BATTARAMULLA	1677487560.0	2023-02-27 14:16:00	False
One Day Service	HEAD OFFICE - BATTARAMULLA	1677488460.0	2023-02-27 14:31:00	False
One Day Service	HEAD OFFICE - BATTARAMULLA	1677489360.0	2023-02-27 14:46:00	False
One Day Service	HEAD OFFICE - BATTARAMULLA	1677551400.0	2023-02-28 08:00:00	False
One Day Service	HEAD OFFICE - BATTARAMULLA	1677552360.0	2023-02-28 08:16:00	False
One Day Service	HEAD OFFICE - BATTARAMULLA	1677553260.0	2023-02-28 08:31:00	False
One Day Service	HEAD OFFICE - BATTARAMULLA	1677554160.0	2023-02-28 08:46:00	False
One Day Service	HEAD OFFICE - BATTARAMULLA	1677555060.0	2023-02-28 09:01:00	False
One Day Service	HEAD OFFICE - BATTARAMULLA	1677555960.0	2023-02-28 09:16:00	False
One Day Service	HEAD OFFICE - BATTARAMULLA	1677556860.0	2023-02-28 09:31:00	False
One Day Service	HEAD OFFICE - BATTARAMULLA	1677557760.0	2023-02-28 09:46:00	False
One Day Service	HEAD OFFICE - BATTARAMULLA	1677558660.0	2023-02-28 10:01:00	False
One Day Service	HEAD OFFICE - BATTARAMULLA	1677559560.0	2023-02-28 10:16:00	False
One Day Service	HEAD OFFICE - BATTARAMULLA	1677560460.0	2023-02-28 10:31:00	False
One Day Service	HEAD OFFICE - BATTARAMULLA	1677561360.0	2023-02-28 10:46:00	False
One Day Service	HEAD OFFICE - BATTARAMULLA	1677562260.0	2023-02-28 11:01:00	False
One Day Service	HEAD OFFICE - BATTARAMULLA	1677563160.0	2023-02-28 11:16:00	False
One Day Service	HEAD OFFICE - BATTARAMULLA	1677564060.0	2023-02-28 11:31:00	False
One Day Service	HEAD OFFICE - BATTARAMULLA	1677564960.0	2023-02-28 11:46:00	False
One Day Service	HEAD OFFICE - BATTARAMULLA	1677565860.0	2023-02-28 12:01:00	False
One Day Service	HEAD OFFICE - BATTARAMULLA	1677566760.0	2023-02-28 12:16:00	False
One Day Service	HEAD OFFICE - BATTARAMULLA	1677567660.0	2023-02-28 12:31:00	False
One Day Service	HEAD OFFICE - BATTARAMULLA	1677567660.0	2023-02-28 12:31:00	False
One Day Service	HEAD OFFICE - BATTARAMULLA	1677573060.0	2023-02-28 14:01:00	False
One Day Service	HEAD OFFICE - BATTARAMULLA	1677573960.0	2023-02-28 14:16:00	False
One Day Service	HEAD OFFICE - BATTARAMULLA	1677574860.0	2023-02-28 14:31:00	False
One Day Service	HEAD OFFICE - BATTARAMULLA	1677575760.0	2023-02-28 14:46:00	False
One Day Service	HEAD OFFICE - BATTARAMULLA	1678415400.0	2023-03-10 08:00:00	False
One Day Service	HEAD OFFICE - BATTARAMULLA	1678416360.0	2023-03-10 08:16:00	False
One Day Service	HEAD OFFICE - BATTARAMULLA	1678417260.0	2023-03-10 08:31:00	False
One Day Service	HEAD OFFICE - BATTARAMULLA	1678418160.0	2023-03-10 08:46:00	True
One Day Service	HEAD OFFICE - BATTARAMULLA	1678419060.0	2023-03-10 09:01:00	False
One Day Service	HEAD OFFICE - BATTARAMULLA	1678419960.0	2023-03-10 09:16:00	True
One Day Service	HEAD OFFICE - BATTARAMULLA	1678420860.0	2023-03-10 09:31:00	True
One Day Service	HEAD OFFICE - BATTARAMULLA	1678421760.0	2023-03-10 09:46:00	True
One Day Service	HEAD OFFICE - BATTARAMULLA	1678422660.0	2023-03-10 10:01:00	False
One Day Service	HEAD OFFICE - BATTARAMULLA	1678423560.0	2023-03-10 10:16:00	True
One Day Service	HEAD OFFICE - BATTARAMULLA	1678424460.0	2023-03-10 10:31:00	True
One Day Service	HEAD OFFICE - BATTARAMULLA	1678425360.0	2023-03-10 10:46:00	True
One Day Service	HEAD OFFICE - BATTARAMULLA	1678426260.0	2023-03-10 11:01:00	True
One Day Service	HEAD OFFICE - BATTARAMULLA	1678427160.0	2023-03-10 11:16:00	True
One Day Service	HEAD OFFICE - BATTARAMULLA	1678428060.0	2023-03-10 11:31:00	True
One Day Service	HEAD OFFICE - BATTARAMULLA	1678428960.0	2023-03-10 11:46:00	True
One Day Service	HEAD OFFICE - BATTARAMULLA	1678429860.0	2023-03-10 12:01:00	True
One Day Service	HEAD OFFICE - BATTARAMULLA	1678430760.0	2023-03-10 12:16:00	True
One Day Service	HEAD OFFICE - BATTARAMULLA	1678431660.0	2023-03-10 12:31:00	True
One Day Service	HEAD OFFICE - BATTARAMULLA	1678432560.0	2023-03-10 12:46:00	True
One Day Service	HEAD OFFICE - BATTARAMULLA	1678437060.0	2023-03-10 14:01:00	True
One Day Service	HEAD OFFICE - BATTARAMULLA	1678437960.0	2023-03-10 14:16:00	True
One Day Service	HEAD OFFICE - BATTARAMULLA	1678438860.0	2023-03-10 14:31:00	True
One Day Service	HEAD OFFICE - BATTARAMULLA	1678439760.0	2023-03-10 14:46:00	True
One Day Service	HEAD OFFICE - BATTARAMULLA	1678674600.0	2023-03-13 08:00:00	False
One Day Service	HEAD OFFICE - BATTARAMULLA	1678675560.0	2023-03-13 08:16:00	True
One Day Service	HEAD OFFICE - BATTARAMULLA	1678676460.0	2023-03-13 08:31:00	True
One Day Service	HEAD OFFICE - BATTARAMULLA	1678677360.0	2023-03-13 08:46:00	True
One Day Service	HEAD OFFICE - BATTARAMULLA	1678678260.0	2023-03-13 09:01:00	True
One Day Service	HEAD OFFICE - BATTARAMULLA	1678679160.0	2023-03-13 09:16:00	True
One Day Service	HEAD OFFICE - BATTARAMULLA	1678680060.0	2023-03-13 09:31:00	True
One Day Service	HEAD OFFICE - BATTARAMULLA	1678680960.0	2023-03-13 09:46:00	True
One Day Service	HEAD OFFICE - BATTARAMULLA	1678681860.0	2023-03-13 10:01:00	True
One Day Service	HEAD OFFICE - BATTARAMULLA	1678682760.0	2023-03-13 10:16:00	True
One Day Service	HEAD OFFICE - BATTARAMULLA	1678683660.0	2023-03-13 10:31:00	True
One Day Service	HEAD OFFICE - BATTARAMULLA	1678684560.0	2023-03-13 10:46:00	True
One Day Service	HEAD OFFICE - BATTARAMULLA	1678685460.0	2023-03-13 11:01:00	True
One Day Service	HEAD OFFICE - BATTARAMULLA	1678686360.0	2023-03-13 11:16:00	True
One Day Service	HEAD OFFICE - BATTARAMULLA	1678687260.0	2023-03-13 11:31:00	True
One Day Service	HEAD OFFICE - BATTARAMULLA	1678688160.0	2023-03-13 11:46:00	True
One Day Service	HEAD OFFICE - BATTARAMULLA	1678689060.0	2023-03-13 12:01:00	True
One Day Service	HEAD OFFICE - BATTARAMULLA	1678689960.0	2023-03-13 12:16:00	True
One Day Service	HEAD OFFICE - BATTARAMULLA	1678690860.0	2023-03-13 12:31:00	True
One Day Service	HEAD OFFICE - BATTARAMULLA	1678691760.0	2023-03-13 12:46:00	True
One Day Service	HEAD OFFICE - BATTARAMULLA	1678696260.0	2023-03-13 14:01:00	True
One Day Service	HEAD OFFICE - BATTARAMULLA	1678697160.0	2023-03-13 14:16:00	True
One Day Service	HEAD OFFICE - BATTARAMULLA	1678698060.0	2023-03-13 14:31:00	True
One Day Service	HEAD OFFICE - BATTARAMULLA	1678698960.0	2023-03-13 14:46:00	True
One Day Service	HEAD OFFICE - BATTARAMULLA	1678761000.0	2023-03-14 08:00:00	True
One Day Service	HEAD OFFICE - BATTARAMULLA	1678761960.0	2023-03-14 08:16:00	True
One Day Service	HEAD OFFICE - BATTARAMULLA	1678762860.0	2023-03-14 08:31:00	True
One Day Service	HEAD OFFICE - BATTARAMULLA	1678763760.0	2023-03-14 08:46:00	True
One Day Service	HEAD OFFICE - BATTARAMULLA	1678764660.0	2023-03-14 09:01:00	True
One Day Service	HEAD OFFICE - BATTARAMULLA	1678765560.0	2023-03-14 09:16:00	True
One Day Service	HEAD OFFICE - BATTARAMULLA	1678766460.0	2023-03-14 09:31:00	True
One Day Service	HEAD OFFICE - BATTARAMULLA	1678767360.0	2023-03-14 09:46:00	True
One Day Service	HEAD OFFICE - BATTARAMULLA	1678768260.0	2023-03-14 10:01:00	True
One Day Service	HEAD OFFICE - BATTARAMULLA	1678769160.0	2023-03-14 10:16:00	True
One Day Service	HEAD OFFICE - BATTARAMULLA	1678770060.0	2023-03-14 10:31:00	True
One Day Service	HEAD OFFICE - BATTARAMULLA	1678770960.0	2023-03-14 10:46:00	True
One Day Service	HEAD OFFICE - BATTARAMULLA	1678771860.0	2023-03-14 11:01:00	True
One Day Service	HEAD OFFICE - BATTARAMULLA	1678772760.0	2023-03-14 11:16:00	True
One Day Service	HEAD OFFICE - BATTARAMULLA	1678773660.0	2023-03-14 11:31:00	True
One Day Service	HEAD OFFICE - BATTARAMULLA	1678774560.0	2023-03-14 11:46:00	True
One Day Service	HEAD OFFICE - BATTARAMULLA	1678775460.0	2023-03-14 12:01:00	True
One Day Service	HEAD OFFICE - BATTARAMULLA	1678776360.0	2023-03-14 12:16:00	True
One Day Service	HEAD OFFICE - BATTARAMULLA	1678777260.0	2023-03-14 12:31:00	True
One Day Service	HEAD OFFICE - BATTARAMULLA	1678778160.0	2023-03-14 12:46:00	True
One Day Service	HEAD OFFICE - BATTARAMULLA	1678782660.0	2023-03-14 14:01:00	True
One Day Service	HEAD OFFICE - BATTARAMULLA	1678783560.0	2023-03-14 14:16:00	True
One Day Service	HEAD OFFICE - BATTARAMULLA	1678784460.0	2023-03-14 14:31:00	True
One Day Service	HEAD OFFICE - BATTARAMULLA	1678785360.0	2023-03-14 14:46:00	True
One Day Service	HEAD OFFICE - BATTARAMULLA	1678847400.0	2023-03-15 08:00:00	True
One Day Service	HEAD OFFICE - BATTARAMULLA	1678848360.0	2023-03-15 08:16:00	True
One Day Service	HEAD OFFICE - BATTARAMULLA	1678849260.0	2023-03-15 08:31:00	True
One Day Service	HEAD OFFICE - BATTARAMULLA	1678850160.0	2023-03-15 08:46:00	True
One Day Service	HEAD OFFICE - BATTARAMULLA	1678851060.0	2023-03-15 09:01:00	True
One Day Service	HEAD OFFICE - BATTARAMULLA	1678851960.0	2023-03-15 09:16:00	True
One Day Service	HEAD OFFICE - BATTARAMULLA	1678852860.0	2023-03-15 09:31:00	True
One Day Service	HEAD OFFICE - BATTARAMULLA	1678853760.0	2023-03-15 09:46:00	True
One Day Service	HEAD OFFICE - BATTARAMULLA	1678854660.0	2023-03-15 10:01:00	True
One Day Service	HEAD OFFICE - BATTARAMULLA	1678855560.0	2023-03-15 10:16:00	True
One Day Service	HEAD OFFICE - BATTARAMULLA	1678856460.0	2023-03-15 10:31:00	True
One Day Service	HEAD OFFICE - BATTARAMULLA	1678857360.0	2023-03-15 10:46:00	True
One Day Service	HEAD OFFICE - BATTARAMULLA	1678858260.0	2023-03-15 11:01:00	True
One Day Service	HEAD OFFICE - BATTARAMULLA	1678859160.0	2023-03-15 11:16:00	True
One Day Service	HEAD OFFICE - BATTARAMULLA	1678860060.0	2023-03-15 11:31:00	True
One Day Service	HEAD OFFICE - BATTARAMULLA	1678860960.0	2023-03-15 11:46:00	True
One Day Service	HEAD OFFICE - BATTARAMULLA	1678861860.0	2023-03-15 12:01:00	True
One Day Service	HEAD OFFICE - BATTARAMULLA	1678862760.0	2023-03-15 12:16:00	True
One Day Service	HEAD OFFICE - BATTARAMULLA	1678863660.0	2023-03-15 12:31:00	True
One Day Service	HEAD OFFICE - BATTARAMULLA	1678864560.0	2023-03-15 12:46:00	True
One Day Service	HEAD OFFICE - BATTARAMULLA	1678869060.0	2023-03-15 14:01:00	True
One Day Service	HEAD OFFICE - BATTARAMULLA	1678869960.0	2023-03-15 14:16:00	True
One Day Service	HEAD OFFICE - BATTARAMULLA	1678870860.0	2023-03-15 14:31:00	True
One Day Service	HEAD OFFICE - BATTARAMULLA	1678871760.0	2023-03-15 14:46:00	True
One Day Service	HEAD OFFICE - BATTARAMULLA	1678933800.0	2023-03-16 08:00:00	True
One Day Service	HEAD OFFICE - BATTARAMULLA	1678934760.0	2023-03-16 08:16:00	True
One Day Service	HEAD OFFICE - BATTARAMULLA	1678935660.0	2023-03-16 08:31:00	True
One Day Service	HEAD OFFICE - BATTARAMULLA	1678936560.0	2023-03-16 08:46:00	True
One Day Service	HEAD OFFICE - BATTARAMULLA	1678937460.0	2023-03-16 09:01:00	True
One Day Service	HEAD OFFICE - BATTARAMULLA	1678938360.0	2023-03-16 09:16:00	True
One Day Service	HEAD OFFICE - BATTARAMULLA	1678939260.0	2023-03-16 09:31:00	True
One Day Service	HEAD OFFICE - BATTARAMULLA	1678940160.0	2023-03-16 09:46:00	True
One Day Service	HEAD OFFICE - BATTARAMULLA	1678941060.0	2023-03-16 10:01:00	True
One Day Service	HEAD OFFICE - BATTARAMULLA	1678941960.0	2023-03-16 10:16:00	True
One Day Service	HEAD OFFICE - BATTARAMULLA	1678942860.0	2023-03-16 10:31:00	True
One Day Service	HEAD OFFICE - BATTARAMULLA	1678943760.0	2023-03-16 10:46:00	True
One Day Service	HEAD OFFICE - BATTARAMULLA	1678944660.0	2023-03-16 11:01:00	True
One Day Service	HEAD OFFICE - BATTARAMULLA	1678945560.0	2023-03-16 11:16:00	True
One Day Service	HEAD OFFICE - BATTARAMULLA	1678946460.0	2023-03-16 11:31:00	True
One Day Service	HEAD OFFICE - BATTARAMULLA	1678947360.0	2023-03-16 11:46:00	True
One Day Service	HEAD OFFICE - BATTARAMULLA	1678948260.0	2023-03-16 12:01:00	True
One Day Service	HEAD OFFICE - BATTARAMULLA	1678949160.0	2023-03-16 12:16:00	True
One Day Service	HEAD OFFICE - BATTARAMULLA	1678950060.0	2023-03-16 12:31:00	True
One Day Service	HEAD OFFICE - BATTARAMULLA	1678950960.0	2023-03-16 12:46:00	True
One Day Service	HEAD OFFICE - BATTARAMULLA	1678955460.0	2023-03-16 14:01:00	True
One Day Service	HEAD OFFICE - BATTARAMULLA	1678956360.0	2023-03-16 14:16:00	True
One Day Service	HEAD OFFICE - BATTARAMULLA	1678957260.0	2023-03-16 14:31:00	True
One Day Service	HEAD OFFICE - BATTARAMULLA	1678958160.0	2023-03-16 14:46:00	True
One Day Service	HEAD OFFICE - BATTARAMULLA	1679020200.0	2023-03-17 08:00:00	True
One Day Service	HEAD OFFICE - BATTARAMULLA	1679021160.0	2023-03-17 08:16:00	True
One Day Service	HEAD OFFICE - BATTARAMULLA	1679022060.0	2023-03-17 08:31:00	True
One Day Service	HEAD OFFICE - BATTARAMULLA	1679022960.0	2023-03-17 08:46:00	True
One Day Service	HEAD OFFICE - BATTARAMULLA	1679023860.0	2023-03-17 09:01:00	True
One Day Service	HEAD OFFICE - BATTARAMULLA	1679024760.0	2023-03-17 09:16:00	True
One Day Service	HEAD OFFICE - BATTARAMULLA	1679025660.0	2023-03-17 09:31:00	True
One Day Service	HEAD OFFICE - BATTARAMULLA	1679026560.0	2023-03-17 09:46:00	True
One Day Service	HEAD OFFICE - BATTARAMULLA	1679027460.0	2023-03-17 10:01:00	True
One Day Service	HEAD OFFICE - BATTARAMULLA	1679028360.0	2023-03-17 10:16:00	True
One Day Service	HEAD OFFICE - BATTARAMULLA	1679029260.0	2023-03-17 10:31:00	True
One Day Service	HEAD OFFICE - BATTARAMULLA	1679030160.0	2023-03-17 10:46:00	True
One Day Service	HEAD OFFICE - BATTARAMULLA	1679031060.0	2023-03-17 11:01:00	True
One Day Service	HEAD OFFICE - BATTARAMULLA	1679031960.0	2023-03-17 11:16:00	True
One Day Service	HEAD OFFICE - BATTARAMULLA	1679032860.0	2023-03-17 11:31:00	True
One Day Service	HEAD OFFICE - BATTARAMULLA	1679033760.0	2023-03-17 11:46:00	True
One Day Service	HEAD OFFICE - BATTARAMULLA	1679034660.0	2023-03-17 12:01:00	True
One Day Service	HEAD OFFICE - BATTARAMULLA	1679035560.0	2023-03-17 12:16:00	True
One Day Service	HEAD OFFICE - BATTARAMULLA	1679036460.0	2023-03-17 12:31:00	True
One Day Service	HEAD OFFICE - BATTARAMULLA	1679037360.0	2023-03-17 12:46:00	True
One Day Service	HEAD OFFICE - BATTARAMULLA	1679041860.0	2023-03-17 14:01:00	True
One Day Service	HEAD OFFICE - BATTARAMULLA	1679042760.0	2023-03-17 14:16:00	True
One Day Service	HEAD OFFICE - BATTARAMULLA	1679043660.0	2023-03-17 14:31:00	True
One Day Service	HEAD OFFICE - BATTARAMULLA	1679044560.0	2023-03-17 14:46:00	True
One Day Service	HEAD OFFICE - BATTARAMULLA	1679279400.0	2023-03-20 08:00:00	True
One Day Service	HEAD OFFICE - BATTARAMULLA	1679280360.0	2023-03-20 08:16:00	True
One Day Service	HEAD OFFICE - BATTARAMULLA	1679281260.0	2023-03-20 08:31:00	True
One Day Service	HEAD OFFICE - BATTARAMULLA	1679282160.0	2023-03-20 08:46:00	True
One Day Service	HEAD OFFICE - BATTARAMULLA	1679283060.0	2023-03-20 09:01:00	True
One Day Service	HEAD OFFICE - BATTARAMULLA	1679283960.0	2023-03-20 09:16:00	True
One Day Service	HEAD OFFICE - BATTARAMULLA	1679284860.0	2023-03-20 09:31:00	True
One Day Service	HEAD OFFICE - BATTARAMULLA	1679285760.0	2023-03-20 09:46:00	True
One Day Service	HEAD OFFICE - BATTARAMULLA	1679286660.0	2023-03-20 10:01:00	True
One Day Service	HEAD OFFICE - BATTARAMULLA	1679287560.0	2023-03-20 10:16:00	True
One Day Service	HEAD OFFICE - BATTARAMULLA	1679288460.0	2023-03-20 10:31:00	True
One Day Service	HEAD OFFICE - BATTARAMULLA	1679289360.0	2023-03-20 10:46:00	True
One Day Service	HEAD OFFICE - BATTARAMULLA	1679290260.0	2023-03-20 11:01:00	True
One Day Service	HEAD OFFICE - BATTARAMULLA	1679291160.0	2023-03-20 11:16:00	True
One Day Service	HEAD OFFICE - BATTARAMULLA	1679292060.0	2023-03-20 11:31:00	True
One Day Service	HEAD OFFICE - BATTARAMULLA	1679292960.0	2023-03-20 11:46:00	True
One Day Service	HEAD OFFICE - BATTARAMULLA	1679293860.0	2023-03-20 12:01:00	True
One Day Service	HEAD OFFICE - BATTARAMULLA	1679294760.0	2023-03-20 12:16:00	True
One Day Service	HEAD OFFICE - BATTARAMULLA	1679295660.0	2023-03-20 12:31:00	True
One Day Service	HEAD OFFICE - BATTARAMULLA	1679296560.0	2023-03-20 12:46:00	True
One Day Service	HEAD OFFICE - BATTARAMULLA	1679301060.0	2023-03-20 14:01:00	True
One Day Service	HEAD OFFICE - BATTARAMULLA	1679301960.0	2023-03-20 14:16:00	True
One Day Service	HEAD OFFICE - BATTARAMULLA	1679302860.0	2023-03-20 14:31:00	True
One Day Service	HEAD OFFICE - BATTARAMULLA	1679303760.0	2023-03-20 14:46:00	True
One Day Service	HEAD OFFICE - BATTARAMULLA	1679365800.0	2023-03-21 08:00:00	True
One Day Service	HEAD OFFICE - BATTARAMULLA	1679366760.0	2023-03-21 08:16:00	True
One Day Service	HEAD OFFICE - BATTARAMULLA	1679367660.0	2023-03-21 08:31:00	True
One Day Service	HEAD OFFICE - BATTARAMULLA	1679368560.0	2023-03-21 08:46:00	True
One Day Service	HEAD OFFICE - BATTARAMULLA	1679369460.0	2023-03-21 09:01:00	True
One Day Service	HEAD OFFICE - BATTARAMULLA	1679370360.0	2023-03-21 09:16:00	True
One Day Service	HEAD OFFICE - BATTARAMULLA	1679371260.0	2023-03-21 09:31:00	True
One Day Service	HEAD OFFICE - BATTARAMULLA	1679372160.0	2023-03-21 09:46:00	True
One Day Service	HEAD OFFICE - BATTARAMULLA	1679373060.0	2023-03-21 10:01:00	True
One Day Service	HEAD OFFICE - BATTARAMULLA	1679373960.0	2023-03-21 10:16:00	True
One Day Service	HEAD OFFICE - BATTARAMULLA	1679374860.0	2023-03-21 10:31:00	True
One Day Service	HEAD OFFICE - BATTARAMULLA	1679375760.0	2023-03-21 10:46:00	True
One Day Service	HEAD OFFICE - BATTARAMULLA	1679376660.0	2023-03-21 11:01:00	True
One Day Service	HEAD OFFICE - BATTARAMULLA	1679377560.0	2023-03-21 11:16:00	True
One Day Service	HEAD OFFICE - BATTARAMULLA	1679378460.0	2023-03-21 11:31:00	True
One Day Service	HEAD OFFICE - BATTARAMULLA	1679379360.0	2023-03-21 11:46:00	True
One Day Service	HEAD OFFICE - BATTARAMULLA	1679380260.0	2023-03-21 12:01:00	True
One Day Service	HEAD OFFICE - BATTARAMULLA	1679381160.0	2023-03-21 12:16:00	True
One Day Service	HEAD OFFICE - BATTARAMULLA	1679382060.0	2023-03-21 12:31:00	True
One Day Service	HEAD OFFICE - BATTARAMULLA	1679382960.0	2023-03-21 12:46:00	True
One Day Service	HEAD OFFICE - BATTARAMULLA	1679387460.0	2023-03-21 14:01:00	True
One Day Service	HEAD OFFICE - BATTARAMULLA	1679388360.0	2023-03-21 14:16:00	True
One Day Service	HEAD OFFICE - BATTARAMULLA	1679389260.0	2023-03-21 14:31:00	True
One Day Service	HEAD OFFICE - BATTARAMULLA	1679390160.0	2023-03-21 14:46:00	True
One Day Service	HEAD OFFICE - BATTARAMULLA	1679452200.0	2023-03-22 08:00:00	True
One Day Service	HEAD OFFICE - BATTARAMULLA	1679453160.0	2023-03-22 08:16:00	True
One Day Service	HEAD OFFICE - BATTARAMULLA	1679454060.0	2023-03-22 08:31:00	True
One Day Service	HEAD OFFICE - BATTARAMULLA	1679454960.0	2023-03-22 08:46:00	True
One Day Service	HEAD OFFICE - BATTARAMULLA	1679455860.0	2023-03-22 09:01:00	True
One Day Service	HEAD OFFICE - BATTARAMULLA	1679456760.0	2023-03-22 09:16:00	True
One Day Service	HEAD OFFICE - BATTARAMULLA	1679457660.0	2023-03-22 09:31:00	True
One Day Service	HEAD OFFICE - BATTARAMULLA	1679458560.0	2023-03-22 09:46:00	True
One Day Service	HEAD OFFICE - BATTARAMULLA	1679459460.0	2023-03-22 10:01:00	True
One Day Service	HEAD OFFICE - BATTARAMULLA	1679460360.0	2023-03-22 10:16:00	True
One Day Service	HEAD OFFICE - BATTARAMULLA	1679461260.0	2023-03-22 10:31:00	True
One Day Service	HEAD OFFICE - BATTARAMULLA	1679462160.0	2023-03-22 10:46:00	True
One Day Service	HEAD OFFICE - BATTARAMULLA	1679463060.0	2023-03-22 11:01:00	True
One Day Service	HEAD OFFICE - BATTARAMULLA	1679463960.0	2023-03-22 11:16:00	True
One Day Service	HEAD OFFICE - BATTARAMULLA	1679464860.0	2023-03-22 11:31:00	True
One Day Service	HEAD OFFICE - BATTARAMULLA	1679465760.0	2023-03-22 11:46:00	True
One Day Service	HEAD OFFICE - BATTARAMULLA	1679466660.0	2023-03-22 12:01:00	True
One Day Service	HEAD OFFICE - BATTARAMULLA	1679467560.0	2023-03-22 12:16:00	True
One Day Service	HEAD OFFICE - BATTARAMULLA	1679468460.0	2023-03-22 12:31:00	True
One Day Service	HEAD OFFICE - BATTARAMULLA	1679469360.0	2023-03-22 12:46:00	True
One Day Service	HEAD OFFICE - BATTARAMULLA	1679473860.0	2023-03-22 14:01:00	True
One Day Service	HEAD OFFICE - BATTARAMULLA	1679474760.0	2023-03-22 14:16:00	True
One Day Service	HEAD OFFICE - BATTARAMULLA	1679475660.0	2023-03-22 14:31:00	True
One Day Service	HEAD OFFICE - BATTARAMULLA	1679476560.0	2023-03-22 14:46:00	True
One Day Service	HEAD OFFICE - BATTARAMULLA	1679538600.0	2023-03-23 08:00:00	True
One Day Service	HEAD OFFICE - BATTARAMULLA	1679539560.0	2023-03-23 08:16:00	True
One Day Service	HEAD OFFICE - BATTARAMULLA	1679540460.0	2023-03-23 08:31:00	True
One Day Service	HEAD OFFICE - BATTARAMULLA	1679541360.0	2023-03-23 08:46:00	True
One Day Service	HEAD OFFICE - BATTARAMULLA	1679542260.0	2023-03-23 09:01:00	True
One Day Service	HEAD OFFICE - BATTARAMULLA	1679543160.0	2023-03-23 09:16:00	True
One Day Service	HEAD OFFICE - BATTARAMULLA	1679544060.0	2023-03-23 09:31:00	True
One Day Service	HEAD OFFICE - BATTARAMULLA	1679544960.0	2023-03-23 09:46:00	True
One Day Service	HEAD OFFICE - BATTARAMULLA	1679545860.0	2023-03-23 10:01:00	True
One Day Service	HEAD OFFICE - BATTARAMULLA	1679546760.0	2023-03-23 10:16:00	True
One Day Service	HEAD OFFICE - BATTARAMULLA	1679547660.0	2023-03-23 10:31:00	True
One Day Service	HEAD OFFICE - BATTARAMULLA	1679548560.0	2023-03-23 10:46:00	True
One Day Service	HEAD OFFICE - BATTARAMULLA	1679549460.0	2023-03-23 11:01:00	True
One Day Service	HEAD OFFICE - BATTARAMULLA	1679550360.0	2023-03-23 11:16:00	True
One Day Service	HEAD OFFICE - BATTARAMULLA	1679551260.0	2023-03-23 11:31:00	True
One Day Service	HEAD OFFICE - BATTARAMULLA	1679552160.0	2023-03-23 11:46:00	True
One Day Service	HEAD OFFICE - BATTARAMULLA	1679553060.0	2023-03-23 12:01:00	True
One Day Service	HEAD OFFICE - BATTARAMULLA	1679553960.0	2023-03-23 12:16:00	True
One Day Service	HEAD OFFICE - BATTARAMULLA	1679554860.0	2023-03-23 12:31:00	True
One Day Service	HEAD OFFICE - BATTARAMULLA	1679555760.0	2023-03-23 12:46:00	True
One Day Service	HEAD OFFICE - BATTARAMULLA	1679560260.0	2023-03-23 14:01:00	True
One Day Service	HEAD OFFICE - BATTARAMULLA	1679561160.0	2023-03-23 14:16:00	True
One Day Service	HEAD OFFICE - BATTARAMULLA	1679562060.0	2023-03-23 14:31:00	True
One Day Service	HEAD OFFICE - BATTARAMULLA	1679562960.0	2023-03-23 14:46:00	True
One Day Service	HEAD OFFICE - BATTARAMULLA	1679625000.0	2023-03-24 08:00:00	True
One Day Service	HEAD OFFICE - BATTARAMULLA	1679625960.0	2023-03-24 08:16:00	True
One Day Service	HEAD OFFICE - BATTARAMULLA	1679626860.0	2023-03-24 08:31:00	True
One Day Service	HEAD OFFICE - BATTARAMULLA	1679627760.0	2023-03-24 08:46:00	True
One Day Service	HEAD OFFICE - BATTARAMULLA	1679628660.0	2023-03-24 09:01:00	True
One Day Service	HEAD OFFICE - BATTARAMULLA	1679629560.0	2023-03-24 09:16:00	True
One Day Service	HEAD OFFICE - BATTARAMULLA	1679630460.0	2023-03-24 09:31:00	True
One Day Service	HEAD OFFICE - BATTARAMULLA	1679631360.0	2023-03-24 09:46:00	True
One Day Service	HEAD OFFICE - BATTARAMULLA	1679632260.0	2023-03-24 10:01:00	True
One Day Service	HEAD OFFICE - BATTARAMULLA	1679633160.0	2023-03-24 10:16:00	True
One Day Service	HEAD OFFICE - BATTARAMULLA	1679634060.0	2023-03-24 10:31:00	True
One Day Service	HEAD OFFICE - BATTARAMULLA	1679634960.0	2023-03-24 10:46:00	True
One Day Service	HEAD OFFICE - BATTARAMULLA	1679635860.0	2023-03-24 11:01:00	True
One Day Service	HEAD OFFICE - BATTARAMULLA	1679636760.0	2023-03-24 11:16:00	True
One Day Service	HEAD OFFICE - BATTARAMULLA	1679637660.0	2023-03-24 11:31:00	True
One Day Service	HEAD OFFICE - BATTARAMULLA	1679638560.0	2023-03-24 11:46:00	True
One Day Service	HEAD OFFICE - BATTARAMULLA	1679639460.0	2023-03-24 12:01:00	True
One Day Service	HEAD OFFICE - BATTARAMULLA	1679640360.0	2023-03-24 12:16:00	True
One Day Service	HEAD OFFICE - BATTARAMULLA	1679641260.0	2023-03-24 12:31:00	True
One Day Service	HEAD OFFICE - BATTARAMULLA	1679642160.0	2023-03-24 12:46:00	True
One Day Service	HEAD OFFICE - BATTARAMULLA	1679646660.0	2023-03-24 14:01:00	True
One Day Service	HEAD OFFICE - BATTARAMULLA	1679647560.0	2023-03-24 14:16:00	True
One Day Service	HEAD OFFICE - BATTARAMULLA	1679648460.0	2023-03-24 14:31:00	True
One Day Service	HEAD OFFICE - BATTARAMULLA	1679649360.0	2023-03-24 14:46:00	True
One Day Service	HEAD OFFICE - BATTARAMULLA	1679884200.0	2023-03-27 08:00:00	True
One Day Service	HEAD OFFICE - BATTARAMULLA	1679885160.0	2023-03-27 08:16:00	True
One Day Service	HEAD OFFICE - BATTARAMULLA	1679886060.0	2023-03-27 08:31:00	True
One Day Service	HEAD OFFICE - BATTARAMULLA	1679886960.0	2023-03-27 08:46:00	True
One Day Service	HEAD OFFICE - BATTARAMULLA	1679887860.0	2023-03-27 09:01:00	True
One Day Service	HEAD OFFICE - BATTARAMULLA	1679888760.0	2023-03-27 09:16:00	True
One Day Service	HEAD OFFICE - BATTARAMULLA	1679889660.0	2023-03-27 09:31:00	True
One Day Service	HEAD OFFICE - BATTARAMULLA	1679890560.0	2023-03-27 09:46:00	True
One Day Service	HEAD OFFICE - BATTARAMULLA	1679891460.0	2023-03-27 10:01:00	True
One Day Service	HEAD OFFICE - BATTARAMULLA	1679892360.0	2023-03-27 10:16:00	True
One Day Service	HEAD OFFICE - BATTARAMULLA	1679893260.0	2023-03-27 10:31:00	True
One Day Service	HEAD OFFICE - BATTARAMULLA	1679894160.0	2023-03-27 10:46:00	True
One Day Service	HEAD OFFICE - BATTARAMULLA	1679895060.0	2023-03-27 11:01:00	True
One Day Service	HEAD OFFICE - BATTARAMULLA	1679895960.0	2023-03-27 11:16:00	True
One Day Service	HEAD OFFICE - BATTARAMULLA	1679896860.0	2023-03-27 11:31:00	True
One Day Service	HEAD OFFICE - BATTARAMULLA	1679897760.0	2023-03-27 11:46:00	True
One Day Service	HEAD OFFICE - BATTARAMULLA	1679898660.0	2023-03-27 12:01:00	True
One Day Service	HEAD OFFICE - BATTARAMULLA	1679899560.0	2023-03-27 12:16:00	True
One Day Service	HEAD OFFICE - BATTARAMULLA	1679900460.0	2023-03-27 12:31:00	True
One Day Service	HEAD OFFICE - BATTARAMULLA	1679901360.0	2023-03-27 12:46:00	True
One Day Service	HEAD OFFICE - BATTARAMULLA	1679905860.0	2023-03-27 14:01:00	True
One Day Service	HEAD OFFICE - BATTARAMULLA	1679906760.0	2023-03-27 14:16:00	True
One Day Service	HEAD OFFICE - BATTARAMULLA	1679907660.0	2023-03-27 14:31:00	True
One Day Service	HEAD OFFICE - BATTARAMULLA	1679908560.0	2023-03-27 14:46:00	True
One Day Service	HEAD OFFICE - BATTARAMULLA	1679970600.0	2023-03-28 08:00:00	True
One Day Service	HEAD OFFICE - BATTARAMULLA	1679971560.0	2023-03-28 08:16:00	True
One Day Service	HEAD OFFICE - BATTARAMULLA	1679972460.0	2023-03-28 08:31:00	True
One Day Service	HEAD OFFICE - BATTARAMULLA	1679973360.0	2023-03-28 08:46:00	True
One Day Service	HEAD OFFICE - BATTARAMULLA	1679974260.0	2023-03-28 09:01:00	True
One Day Service	HEAD OFFICE - BATTARAMULLA	1679975160.0	2023-03-28 09:16:00	True
One Day Service	HEAD OFFICE - BATTARAMULLA	1679976060.0	2023-03-28 09:31:00	True
One Day Service	HEAD OFFICE - BATTARAMULLA	1679976960.0	2023-03-28 09:46:00	True
One Day Service	HEAD OFFICE - BATTARAMULLA	1679977860.0	2023-03-28 10:01:00	True
One Day Service	HEAD OFFICE - BATTARAMULLA	1679978760.0	2023-03-28 10:16:00	True
One Day Service	HEAD OFFICE - BATTARAMULLA	1679979660.0	2023-03-28 10:31:00	True
One Day Service	HEAD OFFICE - BATTARAMULLA	1679980560.0	2023-03-28 10:46:00	True
One Day Service	HEAD OFFICE - BATTARAMULLA	1679981460.0	2023-03-28 11:01:00	True
One Day Service	HEAD OFFICE - BATTARAMULLA	1679982360.0	2023-03-28 11:16:00	True
One Day Service	HEAD OFFICE - BATTARAMULLA	1679983260.0	2023-03-28 11:31:00	True
One Day Service	HEAD OFFICE - BATTARAMULLA	1679984160.0	2023-03-28 11:46:00	True
One Day Service	HEAD OFFICE - BATTARAMULLA	1679985060.0	2023-03-28 12:01:00	True
One Day Service	HEAD OFFICE - BATTARAMULLA	1679985960.0	2023-03-28 12:16:00	True
One Day Service	HEAD OFFICE - BATTARAMULLA	1679986860.0	2023-03-28 12:31:00	True
One Day Service	HEAD OFFICE - BATTARAMULLA	1679987760.0	2023-03-28 12:46:00	True
One Day Service	HEAD OFFICE - BATTARAMULLA	1679992260.0	2023-03-28 14:01:00	True
One Day Service	HEAD OFFICE - BATTARAMULLA	1679993160.0	2023-03-28 14:16:00	True
One Day Service	HEAD OFFICE - BATTARAMULLA	1679994060.0	2023-03-28 14:31:00	True
One Day Service	HEAD OFFICE - BATTARAMULLA	1679994960.0	2023-03-28 14:46:00	True
One Day Service	HEAD OFFICE - BATTARAMULLA	1680057000.0	2023-03-29 08:00:00	True
One Day Service	HEAD OFFICE - BATTARAMULLA	1680057960.0	2023-03-29 08:16:00	True
One Day Service	HEAD OFFICE - BATTARAMULLA	1680058860.0	2023-03-29 08:31:00	True
One Day Service	HEAD OFFICE - BATTARAMULLA	1680059760.0	2023-03-29 08:46:00	True
One Day Service	HEAD OFFICE - BATTARAMULLA	1680060660.0	2023-03-29 09:01:00	True
One Day Service	HEAD OFFICE - BATTARAMULLA	1680061560.0	2023-03-29 09:16:00	True
One Day Service	HEAD OFFICE - BATTARAMULLA	1680062460.0	2023-03-29 09:31:00	True
One Day Service	HEAD OFFICE - BATTARAMULLA	1680063360.0	2023-03-29 09:46:00	True
One Day Service	HEAD OFFICE - BATTARAMULLA	1680064260.0	2023-03-29 10:01:00	True
One Day Service	HEAD OFFICE - BATTARAMULLA	1680065160.0	2023-03-29 10:16:00	True
One Day Service	HEAD OFFICE - BATTARAMULLA	1680066060.0	2023-03-29 10:31:00	True
One Day Service	HEAD OFFICE - BATTARAMULLA	1680066960.0	2023-03-29 10:46:00	True
One Day Service	HEAD OFFICE - BATTARAMULLA	1680067860.0	2023-03-29 11:01:00	True
One Day Service	HEAD OFFICE - BATTARAMULLA	1680068760.0	2023-03-29 11:16:00	True
One Day Service	HEAD OFFICE - BATTARAMULLA	1680069660.0	2023-03-29 11:31:00	True
One Day Service	HEAD OFFICE - BATTARAMULLA	1680070560.0	2023-03-29 11:46:00	True
One Day Service	HEAD OFFICE - BATTARAMULLA	1680071460.0	2023-03-29 12:01:00	True
One Day Service	HEAD OFFICE - BATTARAMULLA	1680072360.0	2023-03-29 12:16:00	True
One Day Service	HEAD OFFICE - BATTARAMULLA	1680073260.0	2023-03-29 12:31:00	True
One Day Service	HEAD OFFICE - BATTARAMULLA	1680074160.0	2023-03-29 12:46:00	True
One Day Service	HEAD OFFICE - BATTARAMULLA	1680078660.0	2023-03-29 14:01:00	True
One Day Service	HEAD OFFICE - BATTARAMULLA	1680079560.0	2023-03-29 14:16:00	True
One Day Service	HEAD OFFICE - BATTARAMULLA	1680080460.0	2023-03-29 14:31:00	True
One Day Service	HEAD OFFICE - BATTARAMULLA	1680081360.0	2023-03-29 14:46:00	True
